2021-06-19 14:02:33,b'Cryptocurrency is opposite to Theory #Bitcoin #cryptocurrency #altcoin #DeFi #NFT #cryptotwitter https://t.co/KYVHRnyjC3',Chattro
2021-06-19 14:02:24,"b""I found #ethereum in a Blue vault at this location! Join me playing #coinhuntworld, It's awesome! https://t.co/stW0nsmuv6 #cryptocurrency #378158 https://t.co/zxSFZiQ7O6""",EthereumDelirium
2021-06-19 14:02:22,b'the crypto currency in everyday life. I hope the developers will implement all the plans.A good project with great potential in the future! It is high time to use  #SAFEMOONCASH #SAFEMOON #BinanceSmartChain $SMC #Crypto #cryptocurrency',sanim Ëñ©Â∞ºÂßÜ
2021-06-19 14:02:20,"b'@Veki551155 \xf0\x9f\xa7\xa9 Unlike data on centralized systems, data on the @Libonomy blockchain can\xe2\x80\x99t be deleted or altered, it\xe2\x80\x99s perfect for keeping records of patents, testaments and kinds of certificates.\xf0\x9f\x9a\x80\n\n  #Libonomy #LBY #cryptocurrency #investmentoftheyear'",mofiz ubbin
2021-06-19 14:02:12,b'If u want real investment on crypto you should join this project the real project with great team behind. \n@MocktailSwap\n #MocktailFinance #MocktailSwap #MOK #blockchain #cryptocurrency #technology #bitcoin #money #crypto #Binance #BNB #cryptocurrencies #fintech',nicolazzhu
2021-06-19 14:02:11,"b'Great news for @ArgoBlockchain\n\nMining difficulty will drop even further this month, meaning more #Bitcoin to mine &amp; #HODL for #ARB\n\n#HODL #BTC $ARBKF #ZCASH #ZEC #cryptocurrency #Crypto https://t.co/6JgVxXjNHv'",Brian Nüü¢rüü¢nha
2021-06-19 14:01:58,b'Great project \n\n@Trickysharmajii @trickyboy555 \n@Annu02356148 \n\n#cryptocurrency #PancakeSwap #bssccan #coinpaprika #poocoin #Bakeryswap #coinsniper #livecoinwatch #dextools https://t.co/HDsrrIPqyT',Sunil Gupta #BRG
2021-06-19 14:01:49,b'@realmadrid @ToniKroos #24Teams24Dreams \n\xf0\x9f\x87\xab\xf0\x9f\x87\xb7Vs.\xf0\x9f\x87\xad\xf0\x9f\x87\xba0-1 \xf0\x9f\xa4\xa8 upset maybe? \n\xf0\x9f\x87\xb5\xf0\x9f\x87\xb9Vs.\xf0\x9f\x87\xa9\xf0\x9f\x87\xaaTitans square off.\n\xf0\x9f\x87\xaa\xf0\x9f\x87\xb8Vs.\xf0\x9f\x87\xb5\xf0\x9f\x87\xb1Points!!\n\n\xf0\x9f\x97\xa3\xef\xb8\x8f~MHO; #FRA @AntoGriezmann and CO. Statement time. @Cristiano No mistakes! @SeFutbol Prove it!\n\n#VIVAESPANA #Elonmusk #EURO2020 #Digital#Eriksen #cryptocurrency https://t.co/54HupvBRos',thematchisset
2021-06-19 14:01:40,b'Watch the video for instructions.\nYoutube link:\nhttps://t.co/yDZlISApEu\n@wynn_dara\n@thura_htunn\n\n#cryptocurrency #PancakeSwap #bscscan #coinpaprika #poocoin #Bakeryswap #coinsniper #livecoinwatch #dextools https://t.co/dnqTv84DjF https://t.co/3ahKnwEtWV',KINGKK
2021-06-19 14:01:32,"b""$PDOG, $SHIB and $MINA are trending now. Let's check'em out! \xf0\x9f\x94\xa5\xf0\x9f\x94\xa5\xf0\x9f\x94\xa5\nhttps://t.co/81Omq658NO\n\n#Polkadog #ShibaInu #MinaProtocol #Crypto #Cryptocurrency  #Altcoin #Bitcoin #CryptoNews https://t.co/m3SUvpPSvy""",CoinHippo
2021-06-19 14:01:14,"b'New Post: Bitcoin may lose $30K price level if stocks tank, analysts warn https://t.co/dBw3WIp3Uy\n\n#cryptonews #cryptocurrency #blockchain #crypto #ethereum #btc #eth #litecoin #altcoins #bitcoinnews #bitcoins #ripple #cryptomining #coinbase #cryptocurrencies #investing https://t.co/jDnOFDRWtt'",Crypto.Venture
2021-06-19 14:01:07,"b'@ArminVanBitcoin Meet lady $PUSSY, tipping the scales of financial freedom toward the masses!\n\n#PussyFinancial #PussyToAPenny #Cattitude #Crypto #Memecoin #cryptocurrency #MemeArt #CryptoArt https://t.co/SAEbq1XGcV'",Maadfisher
2021-06-19 14:01:01,b'SHIBA INU COIN HOLDERS: HUGE PUMP! BUT WHY?! -&gt;\xf0\x9f\x9a\xa8 -&gt; https://t.co/fjWhK3Etkl\n\n#ShibaSwap #ShibaArmy #shibainucoin #SHIBAINUTO1PENNY #shiba #SHIBatoken #SHIBARMY  #SHIB #shibcoin $SHIB #cryptotwitter #CryptoNews #cryptocurrency #cryptocurrencies https://t.co/v9DPrtRIqD',Chad Reddings
2021-06-19 14:01:00,"b'""Document Shows Specific Bitcoin Miners in Xinjiang Instructed to Shut Down \xe2\x80\x93 Mining Bitcoin News"" https://t.co/QI1v9W0l68 #cryptocurrency #blockchain #btc #ethereum'",My Crypto Fire üî•
2021-06-19 14:01:00,b'Airdrop. Follow for info. #airdrop #bitcoin #crypto #cryptocurrency #btc #bounty #ethereum #ico #blockchain #cryptocurrencies #airdrops #airdropalert #token #cryptoexchange #cryptofree #ieo #tokenfree #cryptoearned #biticon #btcexchange #UnityFundHQ #cryptoearnings #giveaway https://t.co/Q8pWNuVoKo',UnityFund
2021-06-19 14:01:00,"b'#Crypto markets lost 4.6% of their #marketcap in 24 hours as the price of #Bitcoin dipped by more than 5%. \n\n$BTC is down 6.1%, trading at $35,723. $100 billion are gone from #cryptocurrency as #BTC kept declining in value to its lowest price line since last Sunday at below $35K. https://t.co/dHEUJq68Ph'",Zionodes
2021-06-19 14:00:53,b'#BTCUSDT - New Technical Analysis \n\n$BTC $ETH #Bitcoin #CryptoCurrency #Trading #TechnicalAnalysis https://t.co/KB4yRzzJNE',MarketCharts
2021-06-19 14:00:50,"b'Talking about investing, hope you all have time to check out $Pussy since it is growing fast and strong\n#pussyfinancial\n#cryptocurrencies \n#cryptocurrency \n#memeart \n#crypto\n#cryptoart \n@ArminVanBitcoin \n@sunshinelu24 \n@CocaColaKid_OG \n@WhalePanda https://t.co/5rv13yCc6O'",Josyüí´‚ú®üåü
2021-06-19 14:00:50,b'[NEW] Where Cryptocurrency Comes From. + https://t.co/Yi6uzClejv #bitcoin #btc #cryptocurrency #crypto #blockchain',CryptoCurrency.News
2021-06-19 14:00:46,"b'#bitcoin 4H Timeframe\n\nThe price broke the uptrend trendline. \n\nNow, Price should head to support and 1- Bounce or 2- Break and drop \n\nStay tuned!\n\n#cryptocurrencies #cryptocurrency #Cryptocurency https://t.co/whgRESOgUA'",MK2 Capital
2021-06-19 14:00:32,b'#marscoinToTheMars \n #doge #cryptocrash\n$MARS #marscoinArmy  #MARSCOIN #Bitcoin #dogearmy   #Crypto #cryptocurrency  #cryptoMars #OccupyMars #Mars #cryptocrash #ETH #BTC #dogelonmars #MarscoinRise #dogetothemoon #marscointotheMARS #BTC   \n@marscoinorg https://t.co/QeKV9etUj8',FrankFromMars
2021-06-19 14:00:31,"b'@bmurphypointman \xf0\x9f\xa7\xa9 Unlike data on centralized systems, data on the @Libonomy blockchain can\xe2\x80\x99t be deleted or altered, it\xe2\x80\x99s perfect for keeping records of patents, testaments and kinds of certificates.\xf0\x9f\x9a\x80 \n\n #Libonomy #LBY #cryptocurrency #investmentoftheyear'",mofiz ubbin
2021-06-19 14:00:30,"b'\xf0\x9f\x93\xa2 #Robostopia Smart #CryptoCurrency Trader Bot for #Binance and #Bittrex\n\xe2\x9c\x85 Trailing Stop-Loss, Buy or Sell #altcoins / BTC pairs.\n\xe2\x9c\x85 Auto Renew Orders\n\xe2\x9c\x85 Profit / Loss notifications by transactions.\n\xe2\x9c\x85 Completed Order notifications and many more..\n\xf0\x9f\x91\x89 https://t.co/vtm2aTYKA0 https://t.co/IASKQgBP6n'",Robostopia‚Ñ¢
2021-06-19 14:00:26,"b'@Phemex_official @Phemex_official\n \nvery trusted exchange, very convenient for trading, deposit some bnb/eth you can get a bonus too, hurry up and register before you miss itRocketRocketRocketRocketRocket\n\n@miftahamrudin\n\n@Singgihek\n \n@Angelic29414430\n\n#Phemex_official #Aidrop #cryptocurrency'",Khetariya
2021-06-19 14:00:23,b'ACI AirDrop: Round 1 getting closer to the end!!!! Take an action and get ACI token for free today! You wont regret you get your free tokens looking in 2-3 years! \n#free #token #aci #bnb #btc #investing #crypto #cryptocurrency https://t.co/bj4C9Bx3R8',Advanced Crypto Investing
2021-06-19 14:00:21,"b'@quanvinhphong Hello human. I am a bot and collect airdrops all day long - I also collected this airdrop. If you want to be part of the next distribution, just have a look at my profile. #cryptocurrency #ETH #giveaway'",Airdrop Collector
2021-06-19 14:00:20,b'Webtalk Rewards Presentation \n\nHow to earn on Webtalk !!!\nhttps://t.co/AOSkL4V4Um  \n#AffiliateMarketing #DigitalMarketing #MarketingDigital #seo #Founder #Bitcoin #cryptotrading #promotor #businessgrowth #cryptocurrency \nhttps://t.co/kz6NygGeX8 https://t.co/AhZnewXMke',Webtalk
2021-06-19 14:00:20,"b'@polylastic has been riding the wave pretty smooth in the downtrend too\n\nAlready featured in many top 10 lists and often trending on Coingecko, $POLX has shown immense growth in such a short period of time\n$BTC $ETH $DOT $MATIC\n\n#cryptocurrency #Binance #CryptoNews #BSCGems #BSC'",Ritesh Sharma
2021-06-19 14:00:19,"b'Current Monero price:\n1 XMR = $272.80 // \xe2\x82\xac230.01 // \xc2\xa3197.58 \n\nMarket capitalisation:\n$4,892,674,626 \n\n$XMR #XMR #Monero #Cryptocurrency https://t.co/MlEGGYzrv4'",Monero price $XMR
2021-06-19 14:00:16,"b'REMEMBER TO CATCH THE LATEST EPISODE!\n\nSpecial guest, Richard Yan @Gentso09: COO, @vitelabs &amp; @BlockDebate host:  How do you scale proof of stake?\n\nListen on your favorite podcast app by clicking here:https://t.co/tfOvIr63oT\n\n#Blockchain #Smartcontracts #Defi #DEX #cryptocurrency https://t.co/wKZq0xuWu4'",TheEncryptedEconomy
2021-06-19 14:00:16,"b""This week's special guest, Richard Yan: COO, Vite Labs &amp; Blockchain Debate podcast host: What does quadratic funding solve for?\n\nListen on your favorite podcast app here: https://t.co/aeudgFXLWH\n\n#Blockchain #Smartcontracts #Defi #DEX #cryptocurrency #Decentralized #BTC https://t.co/XzeIMF74wZ""",Eric Hess
2021-06-19 14:00:16,b'BTC/HARD (Binance) gained 6.17% in the last 20 min. $HARD #cryptocurrency https://t.co/EhjcXThSnE',Inputspike
2021-06-19 14:00:13,"b'Price Update: 1 #Bitcoin = $35,790.59 \xf0\x9f\x93\x88 \n\n#cryptocurrency $BTC source https://t.co/Rhm8c4MrrZ'",Bitcoin Hourly
2021-06-19 14:00:12,b'@_camaza #24Teams24Dreams \n\xf0\x9f\x87\xab\xf0\x9f\x87\xb7Vs.\xf0\x9f\x87\xad\xf0\x9f\x87\xba0-1 \xf0\x9f\xa4\xa8 upset maybe? \n\xf0\x9f\x87\xb5\xf0\x9f\x87\xb9Vs.\xf0\x9f\x87\xa9\xf0\x9f\x87\xaaTitans square off.\n\xf0\x9f\x87\xaa\xf0\x9f\x87\xb8Vs.\xf0\x9f\x87\xb5\xf0\x9f\x87\xb1Points!!\n\n\xf0\x9f\x97\xa3\xef\xb8\x8f~MHO; #FRA @AntoGriezmann and CO. Statement time. @Cristiano No mistakes! @SeFutbol Prove it!\n\n#VIVAESPANA #Elonmusk #EURO2020 #Digital#Eriksen #cryptocurrency https://t.co/1I7SWNRtlm',thematchisset
2021-06-19 14:00:10,"b'The contract is renounced and Safemoon Cash is a project owned by the community. The liquidity was also burned on launch, so there is no rug to pull. #SAFEMOONCASH #SAFEMOON #BinanceSmartChain $SMC #Crypto #cryptocurrency'",Analiza Bodonal
2021-06-19 14:00:10,"b""My favorite #cryptocurrency?\n\nIt's the $dfi token from @defichain.\nI invested at the end of 2020 and have already made 5X (price increase + 100% staking APY)\n\nPretty amazed about that #NativeDeFi project!""",DeFiChain Worldwide
2021-06-19 14:00:06,"b""Well, this project seems like a good one to me, so don't miss it &amp; join hurry.\n\n\xf0\x9f\x91\x89Btt :https://t.co/2XleBDQZ3y\n\n$BIRB #BIRB #BNB #BSC #BSCGem #BinanceSmartChain #DeFi #Crypto #Cryptocurrency""",Yasm een khan
2021-06-19 14:00:05,b'Ripple (XRP) Fear Index on google search statistics (higher = more market fear) #XRP #Ripple #Crypto #Cryptocurrency #dataviz #datavisualisation   15:00:03 https://t.co/NWqsiMH89y',CryptoInsights
2021-06-19 14:00:03,b'@airdropblgspot @MAcoinfinance CEFA is the best investment platform. All crypto hunters can invest here for a big profit.\n\n#CEFAToken #InTuskWeTrust #PlantYourSeed  #Bitcoin #ElonMusk #safemoon #Algorand #dogecoin #CryptocurrencyNews #cryptocurrency\n\nVisit: https://t.co/imStTwBvu1',Foysal Ahammad
2021-06-19 14:00:02,"b'12 HR to Farm, Chopper is looking forward to his cotton candies!\nhttps://t.co/dpHiNrkrtH\nhttps://t.co/BGDXbJnQUi\n\n#BSC #BSCGems #Binance #BinanceSmartChain #Bitcoin #bnbdiamond #BUSD #doge #USDT #ElonCryptoGod #cryptocurrency #cryptocurrencies #cryptotrading #DeFi #yieldfarm https://t.co/PttPiv7IW1'",ChopperFinance
2021-06-19 14:00:02,b'Current BTC Dominance: 44.8% #Bitcoin #Altcoin #Cryptocurrency',BTC Dominance
2021-06-19 14:00:01,b'Did You Know?\n\n#Ethernaal #tattoo #blockchain #crypto #NF2T #didyouknow #cryptocurrency #naal #NFT #marketplace  #revolution https://t.co/DRd9hQU6rh',Ethernaal
2021-06-19 14:00:01,b'Reasons to invest in $ILUS Coin: \n#1 it is backed by a publicly listed company\n\nBUY: https://t.co/mLjN3QeqVq\n\n#iluscoin #cryptocurrency #cryptonews #cryptotrading https://t.co/rQhH5qZrIh',ILUS Coin
2021-06-19 13:59:59,b'New #Crypto Gem? \xf0\x9f\x92\x8e Fair launch at 100 #Telegram members (Currently 51) \xf0\x9f\x9a\x80 Let\xe2\x80\x99s get it \xf0\x9f\x92\xb0 #DYOR #Cryptocurrency #Bsc\xc2\xa0\xc2\xa0 #BinanceSmartChain\xc2\xa0\xc2\xa0 #PancakeSwap #Poocoin #Shiba #ShibaInu #Token #Coin #Airdrop #lowCapGem #Gem #FairLaunch #StealthLaunch https://t.co/ZR933e4A62',Al Bandito
2021-06-19 13:59:56,"b""Buen dia amigos! Here's a sketch from yesterday...  #ArtistOnTwitter #sketch #characterart #illustration #cryptocurrency #Elite #BlackWidow #Loki #raveparty #viennapride https://t.co/YrOs27eg4I""",artist3x
2021-06-19 13:59:43,b'@cryptogenieapp This is a great and excellent project and also the reward is great. Thanks for shared this wonderful opportunity\n\n@SawYanHnin4 \n\n@Thae434 \n \n@YanHnin2 \n\n#crypto #bitcoin #cryptocurrency #nft #blockchaingame #airdrop #cryptogenieairdrop',Si Thu Aung
2021-06-19 13:59:36,b'Merchant Notification\xf0\x9f\x92\xa4\xf0\x9f\x93\xb2\n\n1.) Try #cryptocurrency payment.\n2.) PreOrder the complete set of items offered on the #store.\n\n\xf0\x9f\xa5\xa5',kruzcup
2021-06-19 13:59:35,b'@EURO2020 @MLSZhivatalos #24Teams24Dreams \n\xf0\x9f\x87\xab\xf0\x9f\x87\xb7Vs.\xf0\x9f\x87\xad\xf0\x9f\x87\xba0-1 \xf0\x9f\xa4\xa8 upset maybe? \n\xf0\x9f\x87\xb5\xf0\x9f\x87\xb9Vs.\xf0\x9f\x87\xa9\xf0\x9f\x87\xaaTitans square off.\n\xf0\x9f\x87\xaa\xf0\x9f\x87\xb8Vs.\xf0\x9f\x87\xb5\xf0\x9f\x87\xb1Points!!\n\n\xf0\x9f\x97\xa3\xef\xb8\x8f~MHO; #FRA @AntoGriezmann and CO. Statement time. @Cristiano No mistakes! @SeFutbol Prove it!\n\n#VIVAESPANA #Elonmusk #EURO2020 #Digital#Eriksen #cryptocurrency https://t.co/YrJ3Hg0PCy',thematchisset
2021-06-19 13:59:14,"b""Come on guys, don't just watch, let's join $pussy and become a millionaire\n$pussy  #pussyfinancial #cryptocurrencies #cryptocurrency #memeart #crypto #cryptoart  @arminvanbitcoin @sunshinelu24 @cocacolakid_og @whalepanda https://t.co/kS722XFeYn""",Keked
2021-06-19 13:59:08,b'#Elite #JuneTeenth2021 #COVID19 #cryptocurrency #youtubepremium\xe0\xb8\xa3\xe0\xb8\xb2\xe0\xb8\x84\xe0\xb8\xb2\xe0\xb8\x96\xe0\xb8\xb9\xe0\xb8\x81 #YouTuber #youtubepremium you heard the man! https://t.co/zoIjdgvk53',benny don't miss
2021-06-19 13:59:08,"b'@TheCryptoLark I am optimistic, there is no going back and the world of cryptocurrencies will continue to grow, pending with $PUSSY \xf0\x9f\x9a\x80\xf0\x9f\x9a\x80#pussyfinancial #cryptocurrency  #memecoin #cryptoart @PUSSYFinancial \n@CoinDesk @marckohlbrugge @UniswapD https://t.co/DY45E4NnGy'",Zulema Altuve|
2021-06-19 13:59:07,b'1 hour top movers report #blockchain #crypto #cryptocurrency #cryptocurrencies #cryptonews #cryptotrading #trading #rixx #binance #bnb #bitcoin #btc #ethereum #eth https://t.co/IY0T2wfKgB',Rixx: Trading Assistant
2021-06-19 13:59:06,b'I am Very happy From This project  income while at the same time being a part of a platform that is into helping people. That can be an amazing and unbeatable combination.\n#Buyzooka #cryptocurrency #blockchain #decentralization #bounty #Airdrop #btc',Sujon
2021-06-19 13:59:02,"b'If you have trouble imagining a 50% loss in the crypto market, you shouldn\xe2\x80\x99t be in crypto. https://t.co/HbQvE0AJqo #CryptoCurrency (from Reddit)'",Jason Fernandes
2021-06-19 13:59:00,b'@EURO2020 @MLSZhivatalos #24Teams24Dreams \n\xf0\x9f\x87\xab\xf0\x9f\x87\xb7Vs.\xf0\x9f\x87\xad\xf0\x9f\x87\xba0-1 \xf0\x9f\xa4\xa8 upset maybe? \n\xf0\x9f\x87\xb5\xf0\x9f\x87\xb9Vs.\xf0\x9f\x87\xa9\xf0\x9f\x87\xaaTitans square off.\n\xf0\x9f\x87\xaa\xf0\x9f\x87\xb8Vs.\xf0\x9f\x87\xb5\xf0\x9f\x87\xb1Points!!\n\n\xf0\x9f\x97\xa3\xef\xb8\x8f~MHO; #FRA @AntoGriezmann and CO. Statement time. @Cristiano No mistakes! @SeFutbol Prove it!\n\n#VIVAESPANA #Elonmusk #EURO2020 #Digital#Eriksen #cryptocurrency https://t.co/TKac89hmSu',thematchisset
2021-06-19 13:58:59,b'Excellent project. There\xe2\x80\x99s a lot of projects out there but this one really caught my eye at the first sight. A great &amp; legitimate project aiming for a better future.\n#SAFEMOONCASH #SAFEMOON #BinanceSmartChain $ SMC #Crypto #cryptocurrency',loathing legally
2021-06-19 13:58:59,b'What is this? #BTC @binance #cryptocurrency https://t.co/5OObpuafbZ',ItsThomasHere
2021-06-19 13:58:50,"b'CRYPTO CASTLE is Proud to announce our AMA Session with COINTRIBUTE on 19th June, at 3:00 PM UTC\nCrypto Castle x EcoWatt https://t.co/ZkmNCUiQnN\n  #ecowatt #cryotwinter #greencrypto #climatechange #storeofvalue \n  #cryptocurrency #blockchain #decentralization #defi #btc. https://t.co/DZSHhYLpLf'",Kasmani Rafik
2021-06-19 13:58:43,b'@LavaCakeFinance This project is very valuable good project\nBSC:0x73D56926da75AdA702406Aa3741Fe998F05DDea4\n@kan_loki @LyliNgoc\n@hoanghuynh58 @GiveAwayHost @yennhisexy \n#YieldFarming #Airdrop #Binance #Bitcoin #pancakeswap #BNB #cryptocurrency #DeFi #BTC #BinanceSmartChain #BSC',Ngot
2021-06-19 13:58:42,b'@Bsc100x_gems @stonkstoken CEFA is the next moon. Earn money with CEFA.\n\n#CEFAToken #InTuskWeTrust #PlantYourSeed  #CryptocurrencyNews #cryptocurrency #PancakeSwap #BinanceSmartChain #BSC #Safemars\n\nVisit: https://t.co/imStTwBvu1',Foysal Ahammad
2021-06-19 13:58:25,b'#doge 4H Timeframe\n\nBroke the symmetric triangle to the donwside.\n\nBe careful because it can continue dropping! \n\nStay Tuned! \n\n#cryptocurrencies #cryptocurrency #Cryptocurency  #dogearmy https://t.co/5cqoU8cCCZ',MK2 Capital
2021-06-19 13:58:12,b'@JanaBlaugrana #24Teams24Dreams \n\xf0\x9f\x87\xab\xf0\x9f\x87\xb7Vs.\xf0\x9f\x87\xad\xf0\x9f\x87\xba0-1 \xf0\x9f\xa4\xa8 upset maybe? \n\xf0\x9f\x87\xb5\xf0\x9f\x87\xb9Vs.\xf0\x9f\x87\xa9\xf0\x9f\x87\xaaTitans square off.\n\xf0\x9f\x87\xaa\xf0\x9f\x87\xb8Vs.\xf0\x9f\x87\xb5\xf0\x9f\x87\xb1Points!!\n\n\xf0\x9f\x97\xa3\xef\xb8\x8f~MHO; #FRA @AntoGriezmann and CO. Statement time. @Cristiano No mistakes! @SeFutbol Prove it!\n\n#VIVAESPANA #Elonmusk #EURO2020 #Digital#Eriksen #cryptocurrency https://t.co/fXGFiRbFdv',thematchisset
2021-06-19 13:58:04,b'@LavaCakeFinance Greatest project.\nWish me luck.\n\n0xBB3d3dC863f005C1304057a07Cc815CE5c02065c\n@ApaijitTeerapol @AhmeenIssah \n\n@LavaCakeFinance\n #YieldFarming #Airdrop #PancakeSwap #BTC #Binance #BNB #BSC #cryptocurrency #DeFi',CroTen
2021-06-19 13:58:03,b'Word of the year #HODL. #bitcoin #ethereum #crypto #cryptocurrency',Bostjan Cizelj
2021-06-19 13:58:01,b'Me searching through my house for some loose change to buy more of the #crypto dip with...... \n\n#bitcoin #dogecoin #doge  #cryptocurrency https://t.co/HKgPfGd8pa',"Sir Doge of the Coin, the 69th üê∂"
2021-06-19 13:57:57,b'Simon Montford (CEO of MX3 CS) explains why the UK should embrace bitcoin and bitcoin mining: https://t.co/b6C0DlfXle #simonmontford #mx3cs #mx3atom #greenbitcoinmining #bitcoin #btc #renewableenergy #cryptomining #cryptocurrencies #cryptocurrency #crypto #Bitcoin #cleanenergy',MX3CS
2021-06-19 13:57:52,b'Thanks for giving us such a great opportunity. I am supporting it. always success for the development team to the moon\n@vandewa10 \n@satriyacrypto \n@Edysaputro6 \n\n#cryptocurrency #BNB #BSC #Bitcoin #Ethereum #ETH #Airdrop #bounty #KermitCoin #KERMIT #AirdropStario https://t.co/CoaVUWKsiP',DanangDans
2021-06-19 13:57:42,b'A RUNE with a view: How smart crypto traders caught a 48% price pump\n\n#blockchain #dlike #cryptocurrency\nhttps://t.co/j02bn3mMu6',TRON AGE
2021-06-19 13:57:34,"b'Hello Everyone!!\nI Have Created A Cryptocurrency Named ""Dongjeon(DONJ)""\n\nIt Can Be Added As A Custom Token On Pancake Swap\nWith Address :- 0x3de1350b293d619ec67a39b44dd5c0924cd63f77\n\nI Would Appreciate If You Could Buy It.\nThank You!\n@elonmusk\n Can You Help?\n#cryptocurrency #DONJ'",Hemant Kumar
2021-06-19 13:57:33,"b'\xf0\x9f\x9a\xa8Do not be disappointed ........... get #theta #tfuel , stake ............. be Thata Lab gangster , enjoy life ........ you will be part of something HUGE ........... #cryptocurrency #CryptoNews \xf0\x9f\x9a\xa8\xf0\x9f\x9a\xa8\xf0\x9f\x9a\xa8 https://t.co/WDnWlQw7RG'",Lukasz
2021-06-19 13:57:29,b'Crypto Currency #World Wide #Takeover.... its the #Weekend!!!!!!\n#Good #Morning Everybody!!!\n\nSome #Shower #Tunes\n\n#Cryptocurency #crypto #cryptocurrency #EliteNetflix #music #deephouse #house #dance #beats #bpm #electonic #bass \n\nhttps://t.co/3ShiDU2Ah2',Hiram33
2021-06-19 13:57:24,b'@BaconDAO_ Hakuna Matata is a Swahili phrase meaning \xe2\x80\x9cno worries\xe2\x80\x9d.\nThis is a real gem! Don\xe2\x80\x99t miss it! @tatatoken #tatatoken #hakunamatata #cryptocurrency #crypto https://t.co/D3c3nKvVW7',CryptoMax
2021-06-19 13:57:22,b'NUTRITION AND NUTRIENTS #CryptoCurrency #nutrition via https://t.co/eBW8Lmmpx7 https://t.co/tiQ5gNQyJ0',Citadel Advantage NEWS DIGEST
2021-06-19 13:57:22,b'#emailmarketing #digitalmarketing #socialmediamarketing#crypto #cryptocurrency #cryptocurrenices #dogearmy #dogecoin #affiliatemarketing PipeFlare - free #ZEC and #doge #faucet - free games and earn #cryptocoin https://t.co/7tvVbbecvT',Brett Murphy
2021-06-19 13:57:13,"b'Binance for cryptocurrency sales!\nIf you register from the link below, you will receive a 10% commission.\n\xe2\xac\x87\xef\xb8\x8f\xe2\xac\x87\xef\xb8\x8f\xe2\xac\x87\xef\xb8\x8f\nhttps://t.co/F1mmJKxZxi\n\n#Cryptocurrency #Binance  #BTC #ETH #IOST #BNB #BSC #DeFi #DOGE #XLM #XYM #XEM #XRP #FCT #ENG #ADA #SHIB #crypto #follow #ApeSwap #Airdrop'",pinoüç´
2021-06-19 13:57:11,b'@CoinvoteCC AWESOME \xf0\x9f\xa5\xb3\xf0\x9f\xa5\xb3good job everyone!\xf0\x9f\x92\xaa\n#ELONGATE\n#ELONGATETOKEN\n#ELONGATE4CHARITY\n#BUYELONGATE\n#CRYPTO\n#CRYPTOCURRENCY\n#ALTCOIN',:)
2021-06-19 13:56:57,b'@BirbDefi  will be the first multi-token swap platform with a built-in privacy feature called Flock Protocol. This will allow your transactions to be completely hidden with an extra layer of privacy.\n$BIRB #BIRB #BNB #BSC #BSCGem #BinanceSmartChain #DeFi #Crypto #Cryptocurrency',üíØAli HamzaüíØ
2021-06-19 13:56:49,"b""And if you don't know, now you know. Updated whitepaper is on our website\n\nGet #BLAST and #BLASToff to #pluto #darkhorse #SafeBLAST $BLAST #BNB #BSC #cryptocurrency #realdeal #checkthisout #crypto #safemars #letsgo #safemoon #tothemoon #safu #heretostay #BlastStrong #WeLoveBLAST https://t.co/gyniQE6VMJ""",Safe BLAST Army
2021-06-19 13:56:33,b'good project\n\n@TinaAdkinsNBSJ\n@bhd\n@bbdoolittle\n\n#cryptocurrency #PancakeSwap #bscscan #coinpaprika #poocoin #Bakeryswap #coinsniper #livecoinwatch #dextools https://t.co/zYCUABoRHs https://t.co/IASX7dDvs6',Milad
2021-06-19 13:56:25,b'#XRP 4H Timeframe\n\nForming a descending triangle.\n\nBe careful! A possible sell-off can occur!\n\nNeed to break above the down-trend trendline to discard the figure and go up! \n\n#cryptocurrencies #Cryptocurency #cryptocurrency https://t.co/S4MjFtqmuJ',MK2 Capital
2021-06-19 13:55:36,b'Safemooncash project and having a great experience with the most stronger project I have ever seen and the team has built Community @safemooncash #SAFEMOONCASH #SAFEMOON #Binancesmartchain #SMC #Crypto #Cryptocurrency',Rafia Tenni
2021-06-19 13:55:35,b'@FanspelOfficial Nice project .i am very happy to participate in this project .Thank you to give us a nice opurtunity.\n@pnkj_16\n@Prasend42321615  \n@Pdds19 \n#cryptocurrency #PancakeSwap #bscscan #coinpaprika #poocoin #Bakeryswap #coinsniper #livecoinwatch #dextools',Prasenjit
2021-06-19 13:55:28,b'$pussy can always to your mind  #pussyfinancial #cryptocurrencies #cryptocurrency #memeart #crypto #cryptoart  @arminvanbitcoin @sunshinelu24 @cocacolakid_og @whalepanda https://t.co/AVdPEv6NLP',Ninia04
2021-06-19 13:55:13,b'#RiseAndGrind! $TCC is back up and at it.\n\xe2\x9c\x94 Coffee\n\xe2\x9c\x94 Donuts\n\xf0\x9f\x94\xb2 Buy a bag of @CollectiveCoin_!\n\nSC: 0xf8418d0a7f30bb899639b232f9748c0f1fa87870 | https://t.co/s5IC89vtUh \n\n#cryptocurrency #BSC #BSCGems #Pancakeswapv2 #HODL #SaturdayMotivation #SaturdayThoughts #LFG @Bitboy_Crypto https://t.co/Vd9REoSXZZ',The Collective
2021-06-19 13:55:04,"b'so what is the #SHIBARMY going to do today to #promote #SHIB, i get no recognition for this nor to i seek, but promoting our investing is a must if you seek that 0.01 start.\n#cryptocurrency #CryptoNews #shibainu #ShibaSwap #ShibArmy500k'",NoOne
2021-06-19 13:55:01,b'\xf0\x9f\x87\xb5\xf0\x9f\x87\xb9 The Portuguese Central Bank started licensing #cryptocurrency exchanges\n\nhttps://t.co/varNHsPIYI https://t.co/6X88wDjV9D',Fiat is a Bubble
2021-06-19 13:54:45,"b""If you are not in awe of #cryptography you sure won't get the concept of #cryptocurrency ... Atleast do a #Wikipedia search of these \xf0\x9f\x99\x8fplus #AlanTuring #JohnNash and many other legends for their awesomeness ...Btw i still believe Mr. Nash was #SatoshiNakamoto \xf0\x9f\xa4\x94""",Donny 'Don' aka SatoshiDon
2021-06-19 13:54:45,b'@LavaCakeFinance Nice project @HaiOishi @anhtuyet6998 \n@LavaCakeFinance #YieldFarming #Airdrop #Binance #Bitcoin #pancakeswap #BNB #cryptocurrency #DeFi #BTC #BinanceSmartChain #BSC',Daisy Tran
2021-06-19 13:54:40,b'A stronger $pussy than ever brings his opponents to their knees\n$pussy  #pussyfinancial #cryptocurrencies #cryptocurrency #memeart #crypto #cryptoart  @OfficialTravlad @TheCryptoLark @JRNYcrypto @girlgone_crypto https://t.co/O62mCRnijB',behnam
2021-06-19 13:54:25,"b'Bid4bit\nThis Is Really a cool and Big project, I wish them good luck in developing their cool project, I think they will have it all and the project is being implemented \n#bid4bit $BID4 #blockchain #cryptocurrency #bitcoin #crypto #Binance #Tron #cryptocurrencies\n@bid4bit_io'",Naimur Rahman
2021-06-19 13:54:22,"b'.\n""\xf0\x9d\x98\x88 \xf0\x9d\x98\x89\xf0\x9d\x98\xa6\xf0\x9d\x98\xb5\xf0\x9d\x98\xb5\xf0\x9d\x98\xa6\xf0\x9d\x98\xb3 \xf0\x9d\x98\x9e\xf0\x9d\x98\xa2\xf0\x9d\x98\xba""\n#Cardano - #Blockchain 3.0 \n$ADA - #Cryptocurrency - #DeFi\n#SmartContracts - #Decentralized\n@InputOutputHK @CardanoStiftung \n@Emurgo_io @Cardano https://t.co/UY6z5d24QW'",Cardano Clean Water Stake Pool ¬∑ Ticker: ùóõ2ùó¢
2021-06-19 13:54:22,b'2\xe2\x83\xa3 Second Short Term (S1) Down trend \xf0\x9f\x93\x89 breakout for $QTUM\n\n#CryptoTurtle #cryptocurrency #Crypto #cryptotrading #trading https://t.co/V2tsbUv5xa',Crypto Turtle
2021-06-19 13:54:16,"b'.\n""\xf0\x9d\x98\x88 \xf0\x9d\x98\x89\xf0\x9d\x98\xa6\xf0\x9d\x98\xb5\xf0\x9d\x98\xb5\xf0\x9d\x98\xa6\xf0\x9d\x98\xb3 \xf0\x9d\x98\x9e\xf0\x9d\x98\xa2\xf0\x9d\x98\xba""\n#Cardano - #Blockchain 3.0 \n$ADA - #Cryptocurrency - #DeFi\n#SmartContracts - #Decentralized\n@InputOutputHK @CardanoStiftung \n@Emurgo_io @Cardano https://t.co/GBbhs6OY3U'",The Cardano Report‚Ñ¢
2021-06-19 13:54:16,b'Best place in the crypto world \xe2\x86\x90 https://t.co/9nsNZ9tRM6 https://t.co/PlT5eyuh1L #InvestSmart #Cryptocurrency #BTC',Kush Jain (Mudrex)
2021-06-19 13:53:59,b'@433 @garagesaleJ #24Teams24Dreams\n\xf0\x9f\x87\xab\xf0\x9f\x87\xb7Vs.\xf0\x9f\x87\xad\xf0\x9f\x87\xbaOn deck (0-1) possible upset!! \n\xf0\x9f\x87\xb5\xf0\x9f\x87\xb9Vs.\xf0\x9f\x87\xa9\xf0\x9f\x87\xaaTitans square off.\n\xf0\x9f\x87\xaa\xf0\x9f\x87\xb8Vs.\xf0\x9f\x87\xb5\xf0\x9f\x87\xb1Points!!\n\n\xf0\x9f\x97\xa3\xef\xb8\x8f~MHO; #FRA @AntoGriezmann and CO. Statement time. @Cristiano No mistakes! @SeFutbol Prove it!\n\n#VIVAESPANA #Elonmusk #EURO2020 #Digital #Eriksen #cryptocurrency',thematchisset
2021-06-19 13:53:54,"b'This project has a very bright future,because I really think this project is too perfect to be true.#MorbexFinance #Morbex #BEX #blockchain #cryptocurrency #technology #bitcoin #money #crypto #Binance #BNB #cryptocurrencies #fintech @Morbex_Finance'",mariam babar
2021-06-19 13:53:51,b'More news see my page!\n\nBye China hello America!\n\n#bitcoin\n#btc\n#Crypto\n#cryptocurrencies\n#cryptocurrency\n#CryptoNews\n#cryptoworld\n#Cryptocurency\n#Cryptos\n#CryptoSignals\n#China\n\nhttps://t.co/m70To8vc59',Crypto_news_mic
2021-06-19 13:53:45,b'Basketball Players in Canada to Be Paid in #Bitcoin #Btc #Cryptocurrency #Finance #Forex #Markets #Money\n\nRead: https://t.co/vtnm1gZpWb https://t.co/kvkGKlBif1',Scarlett Phoenix üî•
2021-06-19 13:53:34,b'https://t.co/atIwywbwbY Mirati Therapeutics Inc The automated equity analyst computed the value of this company will lose value in the coming days and has a negative long term outlook $MRTX #entrepreneur #cryptocurrency #startup',intratio
2021-06-19 13:53:31,b'@AppYesorno This is definitely going to be HUGE!  as the team has been an inspiration in their innovative approaches towards achieving the project goals and visions.\n\n@RetjehTrader\n@Lays58438612\n@juukleng\n\n#Cryptocurrency #Bitcoin #BNB #blockchain #Crypto',Anildhal
